bs	pattern	result
1901-01-01	yyyy-MM-dd	1901-01-01
1901-01-01	M/d/yyyy	1/1/1901
1901-01-01	yy	01
1901-01-01	yyyy'BS'	1901BS
1901-01-01	yyyy\M\M-\d\d	1901MM-dd
1901-01-01	MMM yyyy	Bai 1901
1901-01-01	MMMM d, yyyy	Baishakh 1, 1901
1901-01-01	d	1901/01/01
1901-01-01	D	Baishakh 01, 1901
1901-01-01	s	1901-01-01
1901-01-01	dd.MM.yy	01.01.01
1901-09-01	yyyy-MM-dd	1901-09-01
1901-09-01	M/d/yyyy	9/1/1901
1901-09-01	yy	01
1901-09-01	yyyy'BS'	1901BS
1901-09-01	yyyy\M\M-\d\d	1901MM-dd
1901-09-01	MMM yyyy	Pou 1901
1901-09-01	MMMM d, yyyy	Poush 1, 1901
1901-09-01	d	1901/09/01
1901-09-01	D	Poush 01, 1901
1901-09-01	s	1901-09-01
1901-09-01	dd.MM.yy	01.09.01
1902-04-32	yyyy-MM-dd	1902-04-32
1902-04-32	M/d/yyyy	4/32/1902
1902-04-32	yy	02
1902-04-32	yyyy'BS'	1902BS
1902-04-32	yyyy\M\M-\d\d	1902MM-dd
1902-04-32	MMM yyyy	Shr 1902
1902-04-32	MMMM d, yyyy	Shrawan 32, 1902
1902-04-32	d	1902/04/32
1902-04-32	D	Shrawan 32, 1902
1902-04-32	s	1902-04-32
1902-04-32	dd.MM.yy	32.04.02
1903-09-01	yyyy-MM-dd	1903-09-01
1903-09-01	M/d/yyyy	9/1/1903
1903-09-01	yy	03
1903-09-01	yyyy'BS'	1903BS
1903-09-01	yyyy\M\M-\d\d	1903MM-dd
1903-09-01	MMM yyyy	Pou 1903
1903-09-01	MMMM d, yyyy	Poush 1, 1903
1903-09-01	d	1903/09/01
1903-09-01	D	Poush 01, 1903
1903-09-01	s	1903-09-01
1903-09-01	dd.MM.yy	01.09.03
1917-08-21	yyyy-MM-dd	1917-08-21
1917-08-21	M/d/yyyy	8/21/1917
1917-08-21	yy	17
1917-08-21	yyyy'BS'	1917BS
1917-08-21	yyyy\M\M-\d\d	1917MM-dd
1917-08-21	MMM yyyy	Man 1917
1917-08-21	MMMM d, yyyy	Mangsir 21, 1917
1917-08-21	d	1917/08/21
1917-08-21	D	Mangsir 21, 1917
1917-08-21	s	1917-08-21
1917-08-21	dd.MM.yy	21.08.17
1945-03-04	yyyy-MM-dd	1945-03-04
1945-03-04	M/d/yyyy	3/4/1945
1945-03-04	yy	45
1945-03-04	yyyy'BS'	1945BS
1945-03-04	yyyy\M\M-\d\d	1945MM-dd
1945-03-04	MMM yyyy	Ash 1945
1945-03-04	MMMM d, yyyy	Ashad 4, 1945
1945-03-04	d	1945/03/04
1945-03-04	D	Ashad 04, 1945
1945-03-04	s	1945-03-04
1945-03-04	dd.MM.yy	04.03.45
1950-07-01	yyyy-MM-dd	1950-07-01
1950-07-01	M/d/yyyy	7/1/1950
1950-07-01	yy	50
1950-07-01	yyyy'BS'	1950BS
1950-07-01	yyyy\M\M-\d\d	1950MM-dd
1950-07-01	MMM yyyy	Kar 1950
1950-07-01	MMMM d, yyyy	Kartik 1, 1950
1950-07-01	d	1950/07/01
1950-07-01	D	Kartik 01, 1950
1950-07-01	s	1950-07-01
1950-07-01	dd.MM.yy	01.07.50
1955-11-12	yyyy-MM-dd	1955-11-12
1955-11-12	M/d/yyyy	11/12/1955
1955-11-12	yy	55
1955-11-12	yyyy'BS'	1955BS
1955-11-12	yyyy\M\M-\d\d	1955MM-dd
1955-11-12	MMM yyyy	Fal 1955
1955-11-12	MMMM d, yyyy	Falgun 12, 1955
1955-11-12	d	1955/11/12
1955-11-12	D	Falgun 12, 1955
1955-11-12	s	1955-11-12
1955-11-12	dd.MM.yy	12.11.55
1981-12-05	yyyy-MM-dd	1981-12-05
1981-12-05	M/d/yyyy	12/5/1981
1981-12-05	yy	81
1981-12-05	yyyy'BS'	1981BS
1981-12-05	yyyy\M\M-\d\d	1981MM-dd
1981-12-05	MMM yyyy	Cha 1981
1981-12-05	MMMM d, yyyy	Chaitra 5, 1981
1981-12-05	d	1981/12/05
1981-12-05	D	Chaitra 05, 1981
1981-12-05	s	1981-12-05
1981-12-05	dd.MM.yy	05.12.81
2000-02-15	yyyy-MM-dd	2000-02-15
2000-02-15	M/d/yyyy	2/15/2000
2000-02-15	yy	00
2000-02-15	yyyy'BS'	2000BS
2000-02-15	yyyy\M\M-\d\d	2000MM-dd
2000-02-15	MMM yyyy	Jes 2000
2000-02-15	MMMM d, yyyy	Jestha 15, 2000
2000-02-15	d	2000/02/15
2000-02-15	D	Jestha 15, 2000
2000-02-15	s	2000-02-15
2000-02-15	dd.MM.yy	15.02.00
2000-10-01	yyyy-MM-dd	2000-10-01
2000-10-01	M/d/yyyy	10/1/2000
2000-10-01	yy	00
2000-10-01	yyyy'BS'	2000BS
2000-10-01	yyyy\M\M-\d\d	2000MM-dd
2000-10-01	MMM yyyy	Mag 2000
2000-10-01	MMMM d, yyyy	Magh 1, 2000
2000-10-01	d	2000/10/01
2000-10-01	D	Magh 01, 2000
2000-10-01	s	2000-10-01
2000-10-01	dd.MM.yy	01.10.00
2001-06-01	yyyy-MM-dd	2001-06-01
2001-06-01	M/d/yyyy	6/1/2001
2001-06-01	yy	01
2001-06-01	yyyy'BS'	2001BS
2001-06-01	yyyy\M\M-\d\d	2001MM-dd
2001-06-01	MMM yyyy	Ash 2001
2001-06-01	MMMM d, yyyy	Ashoj 1, 2001
2001-06-01	d	2001/06/01
2001-06-01	D	Ashoj 01, 2001
2001-06-01	s	2001-06-01
2001-06-01	dd.MM.yy	01.06.01
2005-01-05	yyyy-MM-dd	2005-01-05
2005-01-05	M/d/yyyy	1/5/2005
2005-01-05	yy	05
2005-01-05	yyyy'BS'	2005BS
2005-01-05	yyyy\M\M-\d\d	2005MM-dd
2005-01-05	MMM yyyy	Bai 2005
2005-01-05	MMMM d, yyyy	Baishakh 5, 2005
2005-01-05	d	2005/01/05
2005-01-05	D	Baishakh 05, 2005
2005-01-05	s	2005-01-05
2005-01-05	dd.MM.yy	05.01.05
2036-03-09	yyyy-MM-dd	2036-03-09
2036-03-09	M/d/yyyy	3/9/2036
2036-03-09	yy	36
2036-03-09	yyyy'BS'	2036BS
2036-03-09	yyyy\M\M-\d\d	2036MM-dd
2036-03-09	MMM yyyy	Ash 2036
2036-03-09	MMMM d, yyyy	Ashad 9, 2036
2036-03-09	d	2036/03/09
2036-03-09	D	Ashad 09, 2036
2036-03-09	s	2036-03-09
2036-03-09	dd.MM.yy	09.03.36
2050-06-15	yyyy-MM-dd	2050-06-15
2050-06-15	M/d/yyyy	6/15/2050
2050-06-15	yy	50
2050-06-15	yyyy'BS'	2050BS
2050-06-15	yyyy\M\M-\d\d	2050MM-dd
2050-06-15	MMM yyyy	Ash 2050
2050-06-15	MMMM d, yyyy	Ashoj 15, 2050
2050-06-15	d	2050/06/15
2050-06-15	D	Ashoj 15, 2050
2050-06-15	s	2050-06-15
2050-06-15	dd.MM.yy	15.06.50
2055-03-32	yyyy-MM-dd	2055-03-32
2055-03-32	M/d/yyyy	3/32/2055
2055-03-32	yy	55
2055-03-32	yyyy'BS'	2055BS
2055-03-32	yyyy\M\M-\d\d	2055MM-dd
2055-03-32	MMM yyyy	Ash 2055
2055-03-32	MMMM d, yyyy	Ashad 32, 2055
2055-03-32	d	2055/03/32
2055-03-32	D	Ashad 32, 2055
2055-03-32	s	2055-03-32
2055-03-32	dd.MM.yy	32.03.55
2077-01-15	yyyy-MM-dd	2077-01-15
2077-01-15	M/d/yyyy	1/15/2077
2077-01-15	yy	77
2077-01-15	yyyy'BS'	2077BS
2077-01-15	yyyy\M\M-\d\d	2077MM-dd
2077-01-15	MMM yyyy	Bai 2077
2077-01-15	MMMM d, yyyy	Baishakh 15, 2077
2077-01-15	d	2077/01/15
2077-01-15	D	Baishakh 15, 2077
2077-01-15	s	2077-01-15
2077-01-15	dd.MM.yy	15.01.77
2077-09-15	yyyy-MM-dd	2077-09-15
2077-09-15	M/d/yyyy	9/15/2077
2077-09-15	yy	77
2077-09-15	yyyy'BS'	2077BS
2077-09-15	yyyy\M\M-\d\d	2077MM-dd
2077-09-15	MMM yyyy	Pou 2077
2077-09-15	MMMM d, yyyy	Poush 15, 2077
2077-09-15	d	2077/09/15
2077-09-15	D	Poush 15, 2077
2077-09-15	s	2077-09-15
2077-09-15	dd.MM.yy	15.09.77
2078-04-32	yyyy-MM-dd	2078-04-32
2078-04-32	M/d/yyyy	4/32/2078
2078-04-32	yy	78
2078-04-32	yyyy'BS'	2078BS
2078-04-32	yyyy\M\M-\d\d	2078MM-dd
2078-04-32	MMM yyyy	Shr 2078
2078-04-32	MMMM d, yyyy	Shrawan 32, 2078
2078-04-32	d	2078/04/32
2078-04-32	D	Shrawan 32, 2078
2078-04-32	s	2078-04-32
2078-04-32	dd.MM.yy	32.04.78
2079-01-01	yyyy-MM-dd	2079-01-01
2079-01-01	M/d/yyyy	1/1/2079
2079-01-01	yy	79
2079-01-01	yyyy'BS'	2079BS
2079-01-01	yyyy\M\M-\d\d	2079MM-dd
2079-01-01	MMM yyyy	Bai 2079
2079-01-01	MMMM d, yyyy	Baishakh 1, 2079
2079-01-01	d	2079/01/01
2079-01-01	D	Baishakh 01, 2079
2079-01-01	s	2079-01-01
2079-01-01	dd.MM.yy	01.01.79
2079-09-15	yyyy-MM-dd	2079-09-15
2079-09-15	M/d/yyyy	9/15/2079
2079-09-15	yy	79
2079-09-15	yyyy'BS'	2079BS
2079-09-15	yyyy\M\M-\d\d	2079MM-dd
2079-09-15	MMM yyyy	Pou 2079
2079-09-15	MMMM d, yyyy	Poush 15, 2079
2079-09-15	d	2079/09/15
2079-09-15	D	Poush 15, 2079
2079-09-15	s	2079-09-15
2079-09-15	dd.MM.yy	15.09.79
2080-05-15	yyyy-MM-dd	2080-05-15
2080-05-15	M/d/yyyy	5/15/2080
2080-05-15	yy	80
2080-05-15	yyyy'BS'	2080BS
2080-05-15	yyyy\M\M-\d\d	2080MM-dd
2080-05-15	MMM yyyy	Bha 2080
2080-05-15	MMMM d, yyyy	Bhadra 15, 2080
2080-05-15	d	2080/05/15
2080-05-15	D	Bhadra 15, 2080
2080-05-15	s	2080-05-15
2080-05-15	dd.MM.yy	15.05.80
2081-01-31	yyyy-MM-dd	2081-01-31
2081-01-31	M/d/yyyy	1/31/2081
2081-01-31	yy	81
2081-01-31	yyyy'BS'	2081BS
2081-01-31	yyyy\M\M-\d\d	2081MM-dd
2081-01-31	MMM yyyy	Bai 2081
2081-01-31	MMMM d, yyyy	Baishakh 31, 2081
2081-01-31	d	2081/01/31
2081-01-31	D	Baishakh 31, 2081
2081-01-31	s	2081-01-31
2081-01-31	dd.MM.yy	31.01.81
2081-10-01	yyyy-MM-dd	2081-10-01
2081-10-01	M/d/yyyy	10/1/2081
2081-10-01	yy	81
2081-10-01	yyyy'BS'	2081BS
2081-10-01	yyyy\M\M-\d\d	2081MM-dd
2081-10-01	MMM yyyy	Mag 2081
2081-10-01	MMMM d, yyyy	Magh 1, 2081
2081-10-01	d	2081/10/01
2081-10-01	D	Magh 01, 2081
2081-10-01	s	2081-10-01
2081-10-01	dd.MM.yy	01.10.81
2082-05-15	yyyy-MM-dd	2082-05-15
2082-05-15	M/d/yyyy	5/15/2082
2082-05-15	yy	82
2082-05-15	yyyy'BS'	2082BS
2082-05-15	yyyy\M\M-\d\d	2082MM-dd
2082-05-15	MMM yyyy	Bha 2082
2082-05-15	MMMM d, yyyy	Bhadra 15, 2082
2082-05-15	d	2082/05/15
2082-05-15	D	Bhadra 15, 2082
2082-05-15	s	2082-05-15
2082-05-15	dd.MM.yy	15.05.82
2083-01-31	yyyy-MM-dd	2083-01-31
2083-01-31	M/d/yyyy	1/31/2083
2083-01-31	yy	83
2083-01-31	yyyy'BS'	2083BS
2083-01-31	yyyy\M\M-\d\d	2083MM-dd
2083-01-31	MMM yyyy	Bai 2083
2083-01-31	MMMM d, yyyy	Baishakh 31, 2083
2083-01-31	d	2083/01/31
2083-01-31	D	Baishakh 31, 2083
2083-01-31	s	2083-01-31
2083-01-31	dd.MM.yy	31.01.83
2083-10-01	yyyy-MM-dd	2083-10-01
2083-10-01	M/d/yyyy	10/1/2083
2083-10-01	yy	83
2083-10-01	yyyy'BS'	2083BS
2083-10-01	yyyy\M\M-\d\d	2083MM-dd
2083-10-01	MMM yyyy	Mag 2083
2083-10-01	MMMM d, yyyy	Magh 1, 2083
2083-10-01	d	2083/10/01
2083-10-01	D	Magh 01, 2083
2083-10-01	s	2083-10-01
2083-10-01	dd.MM.yy	01.10.83
2084-06-01	yyyy-MM-dd	2084-06-01
2084-06-01	M/d/yyyy	6/1/2084
2084-06-01	yy	84
2084-06-01	yyyy'BS'	2084BS
2084-06-01	yyyy\M\M-\d\d	2084MM-dd
2084-06-01	MMM yyyy	Ash 2084
2084-06-01	MMMM d, yyyy	Ashoj 1, 2084
2084-06-01	d	2084/06/01
2084-06-01	D	Ashoj 01, 2084
2084-06-01	s	2084-06-01
2084-06-01	dd.MM.yy	01.06.84
2087-01-31	yyyy-MM-dd	2087-01-31
2087-01-31	M/d/yyyy	1/31/2087
2087-01-31	yy	87
2087-01-31	yyyy'BS'	2087BS
2087-01-31	yyyy\M\M-\d\d	2087MM-dd
2087-01-31	MMM yyyy	Bai 2087
2087-01-31	MMMM d, yyyy	Baishakh 31, 2087
2087-01-31	d	2087/01/31
2087-01-31	D	Baishakh 31, 2087
2087-01-31	s	2087-01-31
2087-01-31	dd.MM.yy	31.01.87
2087-10-01	yyyy-MM-dd	2087-10-01
2087-10-01	M/d/yyyy	10/1/2087
2087-10-01	yy	87
2087-10-01	yyyy'BS'	2087BS
2087-10-01	yyyy\M\M-\d\d	2087MM-dd
2087-10-01	MMM yyyy	Mag 2087
2087-10-01	MMMM d, yyyy	Magh 1, 2087
2087-10-01	d	2087/10/01
2087-10-01	D	Magh 01, 2087
2087-10-01	s	2087-10-01
2087-10-01	dd.MM.yy	01.10.87
2090-05-15	yyyy-MM-dd	2090-05-15
2090-05-15	M/d/yyyy	5/15/2090
2090-05-15	yy	90
2090-05-15	yyyy'BS'	2090BS
2090-05-15	yyyy\M\M-\d\d	2090MM-dd
2090-05-15	MMM yyyy	Bha 2090
2090-05-15	MMMM d, yyyy	Bhadra 15, 2090
2090-05-15	d	2090/05/15
2090-05-15	D	Bhadra 15, 2090
2090-05-15	s	2090-05-15
2090-05-15	dd.MM.yy	15.05.90
2092-05-09	yyyy-MM-dd	2092-05-09
2092-05-09	M/d/yyyy	5/9/2092
2092-05-09	yy	92
2092-05-09	yyyy'BS'	2092BS
2092-05-09	yyyy\M\M-\d\d	2092MM-dd
2092-05-09	MMM yyyy	Bha 2092
2092-05-09	MMMM d, yyyy	Bhadra 9, 2092
2092-05-09	d	2092/05/09
2092-05-09	D	Bhadra 09, 2092
2092-05-09	s	2092-05-09
2092-05-09	dd.MM.yy	09.05.92
2100-06-01	yyyy-MM-dd	2100-06-01
2100-06-01	M/d/yyyy	6/1/2100
2100-06-01	yy	00
2100-06-01	yyyy'BS'	2100BS
2100-06-01	yyyy\M\M-\d\d	2100MM-dd
2100-06-01	MMM yyyy	Ash 2100
2100-06-01	MMMM d, yyyy	Ashoj 1, 2100
2100-06-01	d	2100/06/01
2100-06-01	D	Ashoj 01, 2100
2100-06-01	s	2100-06-01
2100-06-01	dd.MM.yy	01.06.00
2108-02-01	yyyy-MM-dd	2108-02-01
2108-02-01	M/d/yyyy	2/1/2108
2108-02-01	yy	08
2108-02-01	yyyy'BS'	2108BS
2108-02-01	yyyy\M\M-\d\d	2108MM-dd
2108-02-01	MMM yyyy	Jes 2108
2108-02-01	MMMM d, yyyy	Jestha 1, 2108
2108-02-01	d	2108/02/01
2108-02-01	D	Jestha 01, 2108
2108-02-01	s	2108-02-01
2108-02-01	dd.MM.yy	01.02.08
2137-11-22	yyyy-MM-dd	2137-11-22
2137-11-22	M/d/yyyy	11/22/2137
2137-11-22	yy	37
2137-11-22	yyyy'BS'	2137BS
2137-11-22	yyyy\M\M-\d\d	2137MM-dd
2137-11-22	MMM yyyy	Fal 2137
2137-11-22	MMMM d, yyyy	Falgun 22, 2137
2137-11-22	d	2137/11/22
2137-11-22	D	Falgun 22, 2137
2137-11-22	s	2137-11-22
2137-11-22	dd.MM.yy	22.11.37
2150-04-32	yyyy-MM-dd	2150-04-32
2150-04-32	M/d/yyyy	4/32/2150
2150-04-32	yy	50
2150-04-32	yyyy'BS'	2150BS
2150-04-32	yyyy\M\M-\d\d	2150MM-dd
2150-04-32	MMM yyyy	Shr 2150
2150-04-32	MMMM d, yyyy	Shrawan 32, 2150
2150-04-32	d	2150/04/32
2150-04-32	D	Shrawan 32, 2150
2150-04-32	s	2150-04-32
2150-04-32	dd.MM.yy	32.04.50
2152-04-19	yyyy-MM-dd	2152-04-19
2152-04-19	M/d/yyyy	4/19/2152
2152-04-19	yy	52
2152-04-19	yyyy'BS'	2152BS
2152-04-19	yyyy\M\M-\d\d	2152MM-dd
2152-04-19	MMM yyyy	Shr 2152
2152-04-19	MMMM d, yyyy	Shrawan 19, 2152
2152-04-19	d	2152/04/19
2152-04-19	D	Shrawan 19, 2152
2152-04-19	s	2152-04-19
2152-04-19	dd.MM.yy	19.04.52
2180-02-08	yyyy-MM-dd	2180-02-08
2180-02-08	M/d/yyyy	2/8/2180
2180-02-08	yy	80
2180-02-08	yyyy'BS'	2180BS
2180-02-08	yyyy\M\M-\d\d	2180MM-dd
2180-02-08	MMM yyyy	Jes 2180
2180-02-08	MMMM d, yyyy	Jestha 8, 2180
2180-02-08	d	2180/02/08
2180-02-08	D	Jestha 08, 2180
2180-02-08	s	2180-02-08
2180-02-08	dd.MM.yy	08.02.80
2198-02-31	yyyy-MM-dd	2198-02-31
2198-02-31	M/d/yyyy	2/31/2198
2198-02-31	yy	98
2198-02-31	yyyy'BS'	2198BS
2198-02-31	yyyy\M\M-\d\d	2198MM-dd
2198-02-31	MMM yyyy	Jes 2198
2198-02-31	MMMM d, yyyy	Jestha 31, 2198
2198-02-31	d	2198/02/31
2198-02-31	D	Jestha 31, 2198
2198-02-31	s	2198-02-31
2198-02-31	dd.MM.yy	31.02.98
2198-11-01	yyyy-MM-dd	2198-11-01
2198-11-01	M/d/yyyy	11/1/2198
2198-11-01	yy	98
2198-11-01	yyyy'BS'	2198BS
2198-11-01	yyyy\M\M-\d\d	2198MM-dd
2198-11-01	MMM yyyy	Fal 2198
2198-11-01	MMMM d, yyyy	Falgun 1, 2198
2198-11-01	d	2198/11/01
2198-11-01	D	Falgun 01, 2198
2198-11-01	s	2198-11-01
2198-11-01	dd.MM.yy	01.11.98
2199-07-15	yyyy-MM-dd	2199-07-15
2199-07-15	M/d/yyyy	7/15/2199
2199-07-15	yy	99
2199-07-15	yyyy'BS'	2199BS
2199-07-15	yyyy\M\M-\d\d	2199MM-dd
2199-07-15	MMM yyyy	Kar 2199
2199-07-15	MMMM d, yyyy	Kartik 15, 2199
2199-07-15	d	2199/07/15
2199-07-15	D	Kartik 15, 2199
2199-07-15	s	2199-07-15
2199-07-15	dd.MM.yy	15.07.99
