input	strict	smart
2080/05/15	2080-05-15	2080-05-15
2080-05-15	2080-05-15	2080-05-15
2080.05.15	2080-05-15	2080-05-15
2080_05_15	2080-05-15	2080-05-15
2080 05 15	2080-05-15	2080-05-15
2080\05\15	2080-05-15	2080-05-15
2080।05।15	2080-05-15	2080-05-15
2080|05|15	2080-05-15	2080-05-15
2080/5/15	2080-05-15	2080-05-15
  2080 / 05 / 15  	2080-05-15	2080-05-15
2080//05//15	2080-05-15	2080-05-15
/2080/05/15/	2080-05-15	2080-05-15
2080/13/01	ERR	2080-01-13
2080/05/40	ERR	ERR
2080/05	ERR	ERR
2080	ERR	ERR
2080/05/15/99	ERR	2080-05-15
abc/def/ghi	ERR	ERR
	ERR	ERR
1900/12/30	ERR	ERR
1901/01/01	1901-01-01	1901-01-01
2199/12/30	2199-12-30	2199-12-30
2199/12/31	ERR	ERR
2200/01/01	ERR	ERR
२०८०/०५/१५	ERR	2080-05-15
2081/04/32	2081-04-32	2081-04-32
2081/09/30	ERR	ERR
15/05/2080	ERR	2080-05-15
80/05/15	ERR	2080-05-15
2080-5-1	2080-05-01	2080-05-01
15 Shrawan 2080	ERR	2080-04-15
Shrawan 15, 2080	ERR	2080-04-15
15 साउन 2080	ERR	2080-04-15
१५ श्रावण २०८०	ERR	2080-04-15
2080/04/15 BS	ERR	2080-04-15
2080/04/15 B.S.	ERR	2080-04-15
15 साउन, 2080 गते	ERR	2080-04-15
Baisakh 1, 2081	ERR	2081-01-01
1 Baishakh 2081	ERR	2081-01-01
30 Chaitra 2080	ERR	2080-12-30
10/05/20	ERR	2010-05-20
not a date	ERR	ERR
